AGV_Id,t1,t2,t3,t4
agv2,1736949535.7318754,1736949535.7338753,1736949535.7338753,1736949535.7358785
agv2,1736949542.0365524,1736949542.0405517,1736949542.0415502,1736949542.0425482
agv2,1736949557.8220747,1736949557.8276238,1736949557.828165,1736949557.829243
agv2,1736949562.9630003,1736949562.9674988,1736949562.9674988,1736949562.9680614
agv2,1736949595.3816864,1736949595.385688,1736949595.385688,1736949595.3866847
agv2,1736949607.983103,1736949607.9854028,1736949607.9854028,1736949607.9859273
agv2,1736949617.2971702,1736949617.3011465,1736949617.3011465,1736949617.3024292
agv2,1736949626.6568892,1736949626.6588619,1736949626.6588619,1736949626.6598258
agv2,1736949631.8471859,1736949631.855187,1736949631.855187,1736949631.8561873
agv2,1736949653.894066,1736949653.8980632,1736949653.8980632,1736949653.8990638
agv2,1736949671.1430767,1736949671.1462471,1736949671.1462471,1736949671.1468115
agv2,1736949677.3203337,1736949677.3467093,1736949677.3467093,1736949677.3477106
agv2,1736949699.355193,1736949699.3571942,1736949699.3571942,1736949699.3581934
agv2,1736949704.5960727,1736949704.5990722,1736949704.5990722,1736949704.6000712
agv2,1736949709.7596076,1736949709.7626073,1736949709.7626073,1736949709.7626073
agv2,1736949714.9688458,1736949714.9798717,1736949714.9808674,1736949714.982782
agv2,1736949722.2454324,1736949722.2487497,1736949722.2487497,1736949722.2497458
agv2,1736949742.7413213,1736949742.7443252,1736949742.7443252,1736949742.7443252
agv2,1736949760.247574,1736949760.250862,1736949760.250862,1736949760.2514107
agv2,1736949769.5146914,1736949769.5226922,1736949769.5238345,1736949769.5258143
agv2,1736949774.6469529,1736949774.6501591,1736949774.650694,1736949774.6512334
agv2,1736949779.7726839,1736949779.7760413,1736949779.7760413,1736949779.7765737
agv2,1736949796.9157565,1736949796.9174104,1736949796.9174104,1736949796.9179368
agv2,1736949803.1652713,1736949803.170273,1736949803.170273,1736949803.1722708
agv2,1736949808.3171792,1736949808.32076,1736949808.32076,1736949808.3212914
agv2,1736949813.4847791,1736949813.4857552,1736949813.4867544,1736949813.4867544
agv2,1736949822.756494,1736949822.7584953,1736949822.7584953,1736949822.7595515
agv2,1736949853.239868,1736949853.241868,1736949853.2428684,1736949853.2428684
agv2,1736949871.0335457,1736949871.0369315,1736949871.0369315,1736949871.037988
agv2,1736949880.3325806,1736949880.3357437,1736949880.3357437,1736949880.3366516
agv2,1736949885.4707153,1736949885.4737194,1736949885.4737194,1736949885.4751341
agv2,1736949898.8387856,1736949898.8407853,1736949898.8407853,1736949898.8421373
agv2,1736949907.991077,1736949907.9933093,1736949907.9933093,1736949907.9938548
agv2,1736949914.1173124,1736949914.1203117,1736949914.1203117,1736949914.1213107
agv2,1736949927.5189834,1736949927.5212438,1736949927.5217695,1736949927.5217695
agv2,1736949932.644417,1736949932.647265,1736949932.647265,1736949932.6478088
agv2,1736949937.7680542,1736949937.7707973,1736949937.7707973,1736949937.7711675
agv2,1736949942.8894827,1736949942.8915577,1736949942.8915577,1736949942.892451
agv2,1736949950.0934124,1736949950.0951602,1736949950.0951602,1736949950.0959191
agv2,1736949972.368642,1736949972.3716457,1736949972.3716457,1736949972.372644
agv2,1736949983.7023795,1736949983.7063775,1736949983.7063775,1736949983.7073762
agv2,1736949992.967146,1736949992.978335,1736949992.978335,1736949992.9794998
agv2,1736949998.1036754,1736949998.1058595,1736949998.106384,1736949998.106937
agv2,1736950013.5548067,1736950013.5570107,1736950013.5570107,1736950013.557563
agv2,1736950022.7032902,1736950022.7052898,1736950022.7052898,1736950022.7052898
agv2,1736950032.8904684,1736950032.8942895,1736950032.8942895,1736950032.8952954
agv2,1736950039.032705,1736950039.0353117,1736950039.0353117,1736950039.0355697
agv2,1736950056.5144837,1736950056.518248,1736950056.518248,1736950056.5187788
agv2,1736950063.7170115,1736950063.7190144,1736950063.720013,1736950063.720013
agv2,1736950072.9743283,1736950072.9773211,1736950072.9773211,1736950072.9773211
agv2,1736950086.3643658,1736950086.3669229,1736950086.3669229,1736950086.3672009
agv2,1736950095.500354,1736950095.5025055,1736950095.5025055,1736950095.5030262
agv2,1736950101.6352084,1736950101.637041,1736950101.637041,1736950101.638035
agv2,1736950115.0116386,1736950115.0164733,1736950115.0164733,1736950115.0176306
agv2,1736950124.3078325,1736950124.3123846,1736950124.3123846,1736950124.3134894
agv2,1736950137.620873,1736950137.62246,1736950137.62246,1736950137.6234336
agv2,1736950147.868238,1736950147.8702416,1736950147.8702416,1736950147.8717034
agv2,1736950157.1683073,1736950157.1713057,1736950157.1713057,1736950157.1713057
agv2,1736950174.7037907,1736950174.7065551,1736950174.7065551,1736950174.7070866
agv2,1736950191.870778,1736950191.8728895,1736950191.8728895,1736950191.8728895
agv2,1736950198.003976,1736950198.0065138,1736950198.0065138,1736950198.0070348
agv2,1736950205.1858907,1736950205.1883025,1736950205.1883025,1736950205.1891856
agv2,1736950220.6129496,1736950220.6219833,1736950220.6219833,1736950220.6239781
agv2,1736950234.8945847,1736950234.896582,1736950234.896582,1736950234.897584
agv2,1736950252.4202416,1736950252.4231672,1736950252.4231672,1736950252.4234786
agv2,1736950261.6794863,1736950261.6871707,1736950261.6871707,1736950261.6897635
agv2,1736950266.8060517,1736950266.8103065,1736950266.8103065,1736950266.8111265
agv2,1736950274.0267205,1736950274.0294757,1736950274.0294757,1736950274.0300076
agv2,1736950291.1815903,1736950291.1837323,1736950291.1837323,1736950291.1843054
agv2,1736950310.3370707,1736950310.356127,1736950310.356127,1736950310.3576407
agv2,1736950317.2531703,1736950317.257171,1736950317.257171,1736950317.2581706
agv2,1736950334.7620475,1736950334.7660475,1736950334.7660475,1736950334.7660475
agv2,1736950341.940793,1736950341.9443865,1736950341.94491,1736950341.9453518
agv2,1736950351.2564254,1736950351.2594259,1736950351.2594259,1736950351.260423
agv2,1736950358.4759376,1736950358.482458,1736950358.482458,1736950358.4834611
agv2,1736950367.664111,1736950367.6671095,1736950367.6671095,1736950367.6676319
agv2,1736950373.811271,1736950373.8142734,1736950373.8142734,1736950373.8152733
agv2,1736950385.5880663,1736950385.5950289,1736950385.5950289,1736950385.5990276
agv2,1736950392.8876996,1736950392.8917503,1736950392.8917503,1736950392.8928578
agv2,1736959096.965208,1736959096.9672074,1736959096.9672074,1736959096.9682066
agv2,1736959103.0995662,1736959103.1053417,1736959103.106343,1736959103.1073403
agv2,1736959118.620027,1736959118.6242883,1736959118.6242883,1736959118.6253772
agv2,1736959123.7614994,1736959123.7676692,1736959123.7717986,1736959123.7729588
agv2,1736959155.6764035,1736959155.68653,1736959155.68653,1736959155.6889536
agv2,1736959182.0635364,1736959182.065124,1736959182.065124,1736959182.0656745
agv2,1736959197.4689708,1736959197.4711254,1736959197.4711254,1736959197.4721262
agv2,1736959206.6935356,1736959206.6958735,1736959206.6958735,1736959206.6967053
agv2,1736959211.818259,1736959211.8202603,1736959211.8202603,1736959211.8212936
agv2,1736959231.3194551,1736959231.3218734,1736959231.3218734,1736959231.3218734
agv2,1736959240.45268,1736959240.4548242,1736959240.4548242,1736959240.4548242
agv2,1736959264.99672,1736959264.9983675,1736959264.9983675,1736959264.9989054
agv2,1736959275.2439191,1736959275.2468789,1736959275.2474124,1736959275.2479315
agv2,1736959284.488642,1736959284.4907367,1736959284.4907367,1736959284.4912856
agv2,1736959304.0115578,1736959304.0144634,1736959304.0144634,1736959304.014997
agv2,1736959313.1577983,1736959313.1598306,1736959313.1598306,1736959313.1598306
agv2,1736959319.2737918,1736959319.2758107,1736959319.2758107,1736959319.276803
agv2,1736959324.4179802,1736959324.4199772,1736959324.4199772,1736959324.4209797
agv2,1736959340.1864498,1736959340.1888282,1736959340.1888282,1736959340.1894417
agv2,1736959356.666802,1736959356.66837,1736959356.668892,1736959356.668892
agv2,1736959372.0876997,1736959372.0896983,1736959372.0896983,1736959372.090697
agv2,1736959381.3138537,1736959381.3170779,1736959381.3170779,1736959381.3176217
agv2,1736959386.4399652,1736959386.4417846,1736959386.4417846,1736959386.4428582
agv2,1736959399.8396752,1736959399.842842,1736959399.842842,1736959399.8437445
agv2,1736959416.9949658,1736959416.9969637,1736959416.9969637,1736959416.9969637
agv2,1736959441.299055,1736959441.3006406,1736959441.3006406,1736959441.3006406
agv2,1736959447.4187822,1736959447.4243014,1736959447.4243014,1736959447.4258547
agv2,1736959452.5425153,1736959452.5505934,1736959452.5505934,1736959452.5525858
agv2,1736959459.7225883,1736959459.7253294,1736959459.7253294,1736959459.7253294
agv2,1736959468.962433,1736959468.9655213,1736959468.9655213,1736959468.966061
agv2,1736959488.5004103,1736959488.504415,1736959488.504415,1736959488.5054138
agv2,1736959497.652596,1736959497.6547513,1736959497.6547513,1736959497.6552658
agv2,1736960576.0262518,1736960576.0282474,1736960576.0282474,1736960576.0292466
agv2,1736960582.2052267,1736960582.2072055,1736960582.2072055,1736960582.2082016
agv2,1736960632.6146986,1736960632.6204088,1736960632.6204088,1736960632.621873
agv2,1736960641.7849298,1736960641.7891264,1736960641.7891264,1736960641.7901096
agv2,1736960647.9022768,1736960647.9052653,1736960647.9052653,1736960647.9060423
agv2,1736960663.2825174,1736960663.2887821,1736960663.2887821,1736960663.289886
agv2,1736960670.4668148,1736960670.4711998,1736960670.4718304,1736960670.4724095
agv2,1736960679.6996336,1736960679.7034764,1736960679.7034764,1736960679.7044797
agv2,1736960691.0004706,1736960691.0063052,1736960691.0063052,1736960691.0076065
agv2,1736960708.14887,1736960708.1508677,1736960708.1508677,1736960708.1508677
agv2,1736960714.2726054,1736960714.275232,1736960714.275232,1736960714.2762306
agv2,1736960725.5721905,1736960725.5751915,1736960725.5751915,1736960725.5762017
agv2,1736960734.818586,1736960734.8205752,1736960734.8216088,1736960734.8216088
agv2,1736960741.996262,1736960742.0062447,1736960742.0062447,1736960742.0068982
agv2,1736960757.4126582,1736960757.4156575,1736960757.4156575,1736960757.4156575
agv2,1736960766.589489,1736960766.5917737,1736960766.5917737,1736960766.5927567
agv2,1736960772.7104878,1736960772.7151935,1736960772.7151935,1736960772.7183788
agv2,1736960788.138634,1736960788.1426418,1736960788.1426418,1736960788.1426418
agv1,1736960788.720265,1736960788.7222533,1736960788.7222533,1736960788.7233164
agv1,1736960794.8545496,1736960794.8611572,1736960794.8621655,1736960794.8636758
agv2,1736960795.3318644,1736960795.3358674,1736960795.3358674,1736960795.3368645
agv2,1736960804.564062,1736960804.576697,1736960804.576697,1736960804.5796087
agv1,1736960808.2228074,1736960808.2268014,1736960808.2268014,1736960808.227872
agv1,1736960813.352206,1736960813.3552046,1736960813.3552046,1736960813.3562076
agv2,1736960824.135083,1736960824.1373663,1736960824.1373663,1736960824.1378806
agv2,1736960833.2752018,1736960833.2783358,1736960833.2783358,1736960833.2783358
agv2,1736960839.3965313,1736960839.3995302,1736960839.3995302,1736960839.4005342
agv2,1736960844.5182881,1736960844.5210042,1736960844.5210042,1736960844.5210042
agv1,1736960845.2744873,1736960845.2791815,1736960845.2791815,1736960845.2805412
agv2,1736960860.1404192,1736960860.1453998,1736960860.1453998,1736960860.146117
agv2,1736960868.162503,1736960868.1645007,1736960868.1655018,1736960868.166504
agv2,1736960872.1796026,1736960872.1816022,1736960872.1826015,1736960872.1826015
agv2,1736960872.1942034,1736960872.1972063,1736960872.1972063,1736960872.1982093
agv2,1736960874.2020912,1736960874.2059474,1736960874.2059474,1736960874.2059474
agv1,1736960876.0030422,1736960876.0057907,1736960876.0057907,1736960876.0069196
agv2,1736960878.3601794,1736960878.3631163,1736960878.3636374,1736960878.3642306
agv2,1736960887.6345031,1736960887.640001,1736960887.6405299,1736960887.6411235
agv2,1736960889.7062945,1736960889.7083366,1736960889.7083366,1736960889.7092974
agv1,1736960890.0100353,1736960890.0120351,1736960890.013036,1736960890.0140343
agv2,1736960894.8535988,1736960894.8555946,1736960894.8565943,1736960894.857594
agv1,1736960904.038844,1736960904.0408435,1736960904.0408435,1736960904.0418177
agv1,1736960910.0555751,1736960910.0586257,1736960910.0596366,1736960910.0596366
agv1,1736960910.0736256,1736960910.0776248,1736960910.0776248,1736960910.0786247
agv2,1736960915.0961854,1736960915.0991867,1736960915.1001875,1736960915.1011875
agv1,1736960916.203897,1736960916.207889,1736960916.2086518,1736960916.2092018
agv1,1736960927.556978,1736960927.560033,1736960927.560346,1736960927.560852
agv2,1736960928.4854126,1736960928.4902253,1736960928.4902253,1736960928.4912171
agv1,1736960932.709497,1736960932.713653,1736960932.713653,1736960932.714187
agv1,1736960932.7298255,1736960932.7328172,1736960932.7328172,1736960932.733816
agv2,1736960937.9443758,1736960937.9483755,1736960937.9483755,1736960937.9493773
agv1,1736960942.3225875,1736960942.3281052,1736960942.3281052,1736960942.3301096
agv2,1736960943.269447,1736960943.274452,1736960943.274452,1736960943.2754455
agv1,1736960947.7456763,1736960947.750671,1736960947.750671,1736960947.7516706
agv1,1736960953.2056417,1736960953.2096398,1736960953.2106414,1736960953.2116401
agv1,1736960960.6343935,1736960960.6395378,1736960960.6400506,1736960960.6405883
agv2,1736960965.7166026,1736960965.7196035,1736960965.7196035,1736960965.7206035
agv1,1736960965.7526033,1736960965.756605,1736960965.756605,1736960965.7576053
agv2,1736960982.8698869,1736960982.8718867,1736960982.872887,1736960982.872887
agv1,1736960983.3048737,1736960983.3088756,1736960983.3088756,1736960983.3108747
agv2,1736960989.8764956,1736960989.9315124,1736960989.9315124,1736960989.9345138
agv1,1736961001.7711987,1736961001.774209,1736961001.774209,1736961001.776205
agv1,1736961008.1173792,1736961008.120703,1736961008.1217027,1736961008.1217027
agv2,1736961012.8048663,1736961012.8084297,1736961012.8084297,1736961012.8091063
agv1,1736961016.1474388,1736961016.1494272,1736961016.1494272,1736961016.1504266
agv2,1736961017.9513752,1736961017.9543822,1736961017.9549153,1736961017.9555936
agv2,1736961023.1065192,1736961023.1088698,1736961023.1088698,1736961023.109843
agv2,1736961028.2356281,1736961028.2385955,1736961028.2385955,1736961028.2385955
agv1,1736961030.167346,1736961030.1693244,1736961030.1693244,1736961030.1703234
agv2,1736961035.4420815,1736961035.4455245,1736961035.446062,1736961035.4466043
agv1,1736961047.8397484,1736961047.841852,1736961047.841852,1736961047.8424141
agv2,1736961049.8500197,1736961049.8530555,1736961049.8530555,1736961049.8535964
agv1,1736961053.044628,1736961053.0503764,1736961053.0503764,1736961053.051606
agv1,1736961058.2276747,1736961058.230254,1736961058.230254,1736961058.2306285
agv2,1736961061.331187,1736961061.3337436,1736961061.3337436,1736961061.3342621
agv1,1736961063.55559,1736961063.5695915,1736961063.5695915,1736961063.570592
agv1,1736961070.9215882,1736961070.924587,1736961070.925587,1736961070.925587
agv1,1736961094.1816068,1736961094.183608,1736961094.183608,1736961094.1846068
agv1,1736961094.198613,1736961094.2011263,1736961094.2016435,1736961094.2021663
agv1,1736961103.725193,1736961103.72801,1736961103.7285485,1736961103.729065
agv1,1736961109.4200644,1736961109.4240565,1736961109.4240565,1736961109.425057
agv1,1736961114.7186697,1736961114.7215512,1736961114.7225888,1736961114.7231119
agv1,1736961122.031539,1736961122.0375373,1736961122.0375373,1736961122.038538
agv1,1736961133.2959378,1736961133.297793,1736961133.297793,1736961133.2987938
agv1,1736961157.7824614,1736961157.7843978,1736961157.7843978,1736961157.785399
agv1,1736961163.9431052,1736961163.9491072,1736961163.9491072,1736961163.9501066
agv1,1736961175.4498339,1736961175.4558334,1736961175.4558334,1736961175.4568324
agv1,1736961183.042393,1736961183.0453675,1736961183.0453675,1736961183.0453675
agv1,1736961192.291128,1736961192.2940989,1736961192.2940989,1736961192.295099
agv1,1736961205.8230188,1736961205.8270195,1736961205.8270195,1736961205.8280184
agv1,1736961215.3439,1736961215.3469005,1736961215.3469005,1736961215.3478975
agv1,1736961221.730983,1736961221.736512,1736961221.7370431,1736961221.7380397
agv1,1736961233.927633,1736961233.9311059,1736961233.9311059,1736961233.9322758
agv1,1736961249.5342276,1736961249.5432267,1736961249.5442257,1736961249.5442257
agv1,1736961271.918745,1736961271.9217427,1736961271.9277437,1736961271.928742
agv1,1736961271.9457417,1736961271.947743,1736961271.947743,1736961271.9487407
agv1,1736961287.6606283,1736961287.6639068,1736961287.6639068,1736961287.6644201
agv1,1736961292.8729262,1736961292.876925,1736961292.876925,1736961292.8779252
agv1,1736961298.0637288,1736961298.0667248,1736961298.0667248,1736961298.0667248
agv2,1736961302.8097916,1736961302.8123467,1736961302.8123467,1736961302.8128705
agv1,1736961305.2746518,1736961305.2782285,1736961305.2782285,1736961305.2787845
agv2,1736961309.042138,1736961309.0448906,1736961309.0448906,1736961309.045435
agv3,1736961310.3312495,1736961310.334253,1736961310.334253,1736961310.334253
agv1,1736961310.4212883,1736961310.4255493,1736961310.4255493,1736961310.4265978
agv3,1736961316.4659028,1736961316.468654,1736961316.468654,1736961316.4692693
agv1,1736961324.0305424,1736961324.0345337,1736961324.0345337,1736961324.035531
agv3,1736961334.9126446,1736961334.9156446,1736961334.9156446,1736961334.9156446
agv3,1736961340.176178,1736961340.1801796,1736961340.1801796,1736961340.1801796
agv1,1736961341.695861,1736961341.6988547,1736961341.6988547,1736961341.7003849
agv2,1736961346.5805273,1736961346.5875332,1736961346.5885315,1736961346.589529
agv2,1736961356.1698444,1736961356.1728427,1736961356.1728427,1736961356.1738427
agv1,1736961359.0863957,1736961359.0890708,1736961359.0890708,1736961359.0896
agv2,1736961362.435717,1736961362.4406857,1736961362.440923,1736961362.4422069
agv1,1736961365.553233,1736961365.5588229,1736961365.5588229,1736961365.5608246
agv2,1736961370.0741518,1736961370.1132076,1736961370.1132076,1736961370.1142063
agv3,1736961374.210099,1736961374.2140982,1736961374.2140982,1736961374.2150955
agv2,1736961386.7472959,1736961386.7517202,1736961386.7517202,1736961386.752265
agv1,1736961388.6427975,1736961388.6457956,1736961388.6457956,1736961388.647434
agv3,1736961391.5061767,1736961391.5091813,1736961391.5101812,1736961391.5101812
agv2,1736961395.9995315,1736961396.003534,1736961396.003534,1736961396.003534
agv1,1736961396.1139257,1736961396.117925,1736961396.117925,1736961396.1189246
agv2,1736961402.2608473,1736961402.2646954,1736961402.2646954,1736961402.2657628
agv3,1736961405.3230307,1736961405.3272715,1736961405.3272715,1736961405.3282712
agv1,1736961405.672456,1736961405.6754055,1736961405.6754055,1736961405.6754055
agv1,1736961413.32447,1736961413.3281183,1736961413.3281183,1736961413.3293426
agv3,1736961415.126134,1736961415.1281378,1736961415.1291356,1736961415.1291356
agv2,1736961416.2799795,1736961416.2844973,1736961416.2844973,1736961416.2854981
agv3,1736961420.4331725,1736961420.437475,1736961420.437475,1736961420.4390724
agv1,1736961422.7519503,1736961422.7569458,1736961422.7569458,1736961422.7579484
agv1,1736961428.9292626,1736961428.9347486,1736961428.9354749,1736961428.9360394
agv2,1736961431.9840038,1736961431.9877052,1736961431.9877052,1736961431.9887154
agv3,1736961433.8679967,1736961433.8709953,1736961433.8709953,1736961433.8719957
agv1,1736961446.4325466,1736961446.436547,1736961446.436547,1736961446.4375465
agv3,1736961450.9993482,1736961451.003197,1736961451.003197,1736961451.003722
agv2,1736961454.2588649,1736961454.2608595,1736961454.2608595,1736961454.2618592
agv1,1736961461.8537738,1736961461.8575604,1736961461.8575604,1736961461.8575604
agv3,1736961465.0868132,1736961465.0888147,1736961465.0888147,1736961465.089829
agv3,1736961471.2198038,1736961471.2231784,1736961471.2231784,1736961471.224263
agv2,1736961471.7436743,1736961471.7476754,1736961471.7476754,1736961471.7476754
agv1,1736961480.0051165,1736961480.0091064,1736961480.0091064,1736961480.0101082
agv2,1736961480.956769,1736961480.9597666,1736961480.9597666,1736961480.9607646
agv3,1736961484.6096742,1736961484.6155484,1736961484.6155484,1736961484.616551
agv3,1736961488.739843,1736961488.7464676,1736961488.7474668,1736961488.7500286
agv3,1736961488.776864,1736961488.7798686,1736961488.7808673,1736961488.7808673
agv2,1736961496.52598,1736961496.52798,1736961496.52798,1736961496.52898
agv3,1736961497.01777,1736961497.0217724,1736961497.0217724,1736961497.0227716
agv1,1736961501.6003199,1736961501.6033225,1736961501.6033225,1736961501.6041963
agv2,1736961501.6648762,1736961501.6688786,1736961501.6688786,1736961501.6688786
agv1,1736961507.6207004,1736961507.6226938,1736961507.6226938,1736961507.6236947
agv2,1736961508.876065,1736961508.8804247,1736961508.881447,1736961508.881983
agv3,1736961512.4568653,1736961512.4607093,1736961512.4607093,1736961512.4617517
agv1,1736961516.8711913,1736961516.8738065,1736961516.8738065,1736961516.8748043
agv1,1736961521.9985876,1736961522.0011053,1736961522.0011053,1736961522.0021107
agv2,1736961526.0229323,1736961526.0253618,1736961526.0253618,1736961526.025898
agv3,1736961529.606922,1736961529.609925,1736961529.609925,1736961529.6109233
agv3,1736961535.7445211,1736961535.7485244,1736961535.7485244,1736961535.7495186
agv1,1736961537.4465983,1736961537.450332,1736961537.450332,1736961537.451447
agv1,1736961539.4602733,1736961539.461894,1736961539.461894,1736961539.4628544
agv1,1736961541.4687703,1736961541.4704576,1736961541.4704576,1736961541.471471
agv2,1736961542.3652265,1736961542.3680484,1736961542.3680484,1736961542.3685691
agv1,1736961543.4774973,1736961543.479487,1736961543.480486,1736961543.4814887
agv2,1736961544.3824134,1736961544.3844485,1736961544.385437,1736961544.385437
agv2,1736961544.3964627,1736961544.398462,1736961544.398462,1736961544.39946
agv1,1736961545.4879632,1736961545.495068,1736961545.4960592,1736961545.498057
agv2,1736961546.4024024,1736961546.404601,1736961546.404601,1736961546.404601
agv1,1736961547.5247238,1736961547.5267246,1736961547.5267246,1736961547.5267246
agv3,1736961549.1376047,1736961549.140674,1736961549.1406977,1736961549.1410096
agv1,1736961549.5337577,1736961549.5357597,1736961549.5357597,1736961549.5357597
agv2,1736961551.5230243,1736961551.5265586,1736961551.5265586,1736961551.527555
agv1,1736961551.5421302,1736961551.5464678,1736961551.5464678,1736961551.5474682
agv2,1736961556.6479623,1736961556.6509662,1736961556.6509662,1736961556.6519647
agv3,1736961564.5460043,1736961564.5479941,1736961564.5479941,1736961564.54952
agv1,1736961565.5513227,1736961565.5538988,1736961565.5538988,1736961565.5549002
agv2,1736961570.0000546,1736961570.0040557,1736961570.0040557,1736961570.0050552
agv1,1736961574.696381,1736961574.6993823,1736961574.6993823,1736961574.7003834
agv2,1736961577.2577794,1736961577.2633262,1736961577.2633262,1736961577.2643876
agv3,1736961580.9176228,1736961580.9197254,1736961580.9197254,1736961580.9197254
agv2,1736961586.579243,1736961586.5822392,1736961586.5822392,1736961586.5822392
agv3,1736961596.5228553,1736961596.5285888,1736961596.528607,1736961596.5291612
agv1,1736961597.0180924,1736961597.0200815,1736961597.0200815,1736961597.0200815
agv1,1736961603.1322227,1736961603.135064,1736961603.135064,1736961603.135064
agv2,1736961604.1477365,1736961604.1512437,1736961604.1512437,1736961604.1512437
agv3,1736961605.778025,1736961605.7808385,1736961605.7813585,1736961605.7813585
agv3,1736961612.371056,1736961612.373014,1736961612.373014,1736961612.374014
agv2,1736961613.2954683,1736961613.2972696,1736961613.2972696,1736961613.297789
agv3,1736961616.9186983,1736961616.923701,1736961616.92482,1736961616.92636
agv3,1736961616.9469543,1736961616.9489555,1736961616.9489555,1736961616.9499543
agv2,1736961619.8671005,1736961619.8791676,1736961619.8796911,1736961619.8807383
agv3,1736961621.0742872,1736961621.08185,1736961621.08185,1736961621.0830817
agv1,1736961624.455309,1736961624.4573102,1736961624.4573102,1736961624.4583104
agv2,1736961627.0725634,1736961627.0823643,1736961627.082626,1736961627.0853026
agv1,1736961628.5828218,1736961628.5856981,1736961628.5856981,1736961628.587842
agv1,1736961635.763952,1736961635.7659488,1736961635.7659488,1736961635.7676258
agv2,1736961642.5077279,1736961642.5107682,1736961642.5107682,1736961642.5117416
agv3,1736961643.3298173,1736961643.3318198,1736961643.332819,1736961643.332819
agv1,1736961644.999778,1736961645.0028298,1736961645.0028298,1736961645.0033605
agv3,1736961659.6533494,1736961659.6553438,1736961659.6553438,1736961659.6561513
agv3,1757752764.386025,1757752764.3880365,1757752764.3890333,1757752764.3890333
agv3,1757752765.3910563,1757752765.3934813,1757752765.3934813,1757752765.3944845
agv3,1757753211.816343,1757753211.8193095,1757753211.8193095,1757753211.820317
agv3,1757753214.951836,1757753214.953843,1757753214.953843,1757753214.9548423
agv3,1757753241.0776799,1757753241.0822184,1757753241.0822184,1757753241.083232
agv3,1757753247.231501,1757753247.237375,1757753247.237375,1757753247.237884
agv3,1757753251.309996,1757753251.3130615,1757753251.31407,1757753251.31407
agv3,1757753258.5729454,1757753258.5761354,1757753258.5761354,1757753258.5771446
agv3,1757753262.6957126,1757753262.6977983,1757753262.6977983,1757753262.6988063
agv3,1757753267.8574934,1757753267.8630862,1757753267.8630862,1757753267.8630862
agv3,1757753278.208835,1757753278.2117763,1757753278.2117763,1757753278.2122865
agv3,1757753284.3028915,1757753284.3055642,1757753284.3055642,1757753284.306578
agv3,1757753288.3828156,1757753288.385842,1757753288.385842,1757753288.385842
agv2,1757753294.8575501,1757753294.8601506,1757753294.8601506,1757753294.8601506
agv2,1757753298.9317708,1757753298.9353302,1757753298.9353302,1757753298.9368396
agv3,1757753300.8186107,1757753300.8242135,1757753300.8242135,1757753300.8242135
agv3,1757753304.925089,1757753304.931195,1757753304.931195,1757753304.931195
agv2,1757753307.1865401,1757753307.1896331,1757753307.1906455,1757753307.1906455
agv2,1757753310.269716,1757753310.2750232,1757753310.2750232,1757753310.2750232
agv3,1757753319.0186903,1757753319.0211554,1757753319.0211554,1757753319.022163
agv3,1757753323.0941343,1757753323.100019,1757753323.100019,1757753323.1005268
agv2,1757753326.8472655,1757753326.8507948,1757753326.8507948,1757753326.8518002
agv3,1757753327.20862,1757753327.2112925,1757753327.2112925,1757753327.2127993
agv4,1757753327.9268725,1757753327.9288752,1757753327.9288752,1757753327.93035
agv4,1757753328.9318569,1757753328.934038,1757753328.934038,1757753328.934557
agv4,1757753333.0066621,1757753333.0091798,1757753333.0091798,1757753333.011311
agv3,1757753336.5010073,1757753336.5037026,1757753336.5037026,1757753336.5046978
agv2,1757753337.0525382,1757753337.0565958,1757753337.0565958,1757753337.0571046
agv3,1757753342.5819435,1757753342.5849905,1757753342.5849905,1757753342.5855181
agv4,1757753343.4219527,1757753343.4249809,1757753343.4249809,1757753343.4254897
agv2,1757753344.3967261,1757753344.4013927,1757753344.4013927,1757753344.402394
agv4,1757753346.508105,1757753346.5136704,1757753346.5136704,1757753346.5157158
agv3,1757753346.666411,1757753346.6719847,1757753346.6719847,1757753346.674056
agv2,1757753349.6863496,1757753349.6913826,1757753349.6913826,1757753349.6933916
agv3,1757753353.9233215,1757753353.9278955,1757753353.928908,1757753353.9299202
agv4,1757753355.8901796,1757753355.8927317,1757753355.8927317,1757753355.8937292
agv4,1757753357.908331,1757753357.911385,1757753357.911385,1757753357.9123962
agv4,1757753357.9280052,1757753357.9305098,1757753357.931523,1757753357.931523
agv4,1757753360.0145228,1757753360.0180805,1757753360.0180805,1757753360.0185864
agv3,1757753361.8762753,1757753361.8792255,1757753361.8792255,1757753361.8812642
agv4,1757753363.0943744,1757753363.098889,1757753363.098889,1757753363.1003978
agv2,1757753364.8057,1757753364.8078587,1757753364.8078587,1757753364.8093662
agv3,1757753367.0433187,1757753367.0453696,1757753367.0468905,1757753367.0468905
agv4,1757753367.218069,1757753367.2216206,1757753367.2216206,1757753367.2226315
agv3,1757753368.0571895,1757753368.0587075,1757753368.0587075,1757753368.0597165
agv4,1757753370.2889142,1757753370.292951,1757753370.292951,1757753370.294479
agv4,1757753372.3048017,1757753372.3068185,1757753372.3068185,1757753372.3078215
agv4,1757753372.318142,1757753372.3212295,1757753372.3212295,1757753372.3222764
agv2,1757753372.9287915,1757753372.930313,1757753372.930313,1757753372.931325
agv4,1757753373.3244712,1757753373.3266795,1757753373.3266795,1757753373.3271854
agv4,1757753376.549469,1757753376.5561156,1757753376.5561156,1757753376.5586348
agv2,1757753377.041446,1757753377.0489988,1757753377.0495179,1757753377.0505297
agv3,1757753377.3551674,1757753377.3592715,1757753377.3592715,1757753377.360502
agv4,1757753379.6706445,1757753379.6767228,1757753379.6767228,1757753379.6777349
agv4,1757753379.6976428,1757753379.7025833,1757753379.7025833,1757753379.7036028
agv3,1757753381.2291343,1757753381.2326956,1757753381.2332022,1757753381.23371
agv4,1757753384.1309369,1757753384.1390991,1757753384.1390991,1757753384.1411498
agv2,1757753387.2294383,1757753387.2324803,1757753387.2324803,1757753387.2324803
agv2,1757753389.2954366,1757753389.3004882,1757753389.3004882,1757753389.302583
agv4,1757753390.3334646,1757753390.339064,1757753390.339064,1757753390.3403313
agv2,1757753393.452906,1757753393.4592724,1757753393.4592724,1757753393.460421
agv3,1757753395.3665166,1757753395.3710833,1757753395.3710833,1757753395.3720946
agv3,1757753398.4009867,1757753398.404001,1757753398.4055085,1757753398.4055085
agv2,1757753398.6876256,1757753398.6932514,1757753398.6932514,1757753398.694261
agv2,1757753403.9483924,1757753403.953518,1757753403.954529,1757753403.9555292
agv3,1757753404.6668375,1757753404.6744432,1757753404.6744432,1757753404.675949
agv4,1757753407.692032,1757753407.6966188,1757753407.6966188,1757753407.6981337
agv3,1757753409.896615,1757753409.9022057,1757753409.9022057,1757753409.904208
agv2,1757753410.1479805,1757753410.151517,1757753410.151517,1757753410.1530278
agv4,1757753414.057095,1757753414.0617025,1757753414.0617025,1757753414.0627015
agv3,1757753415.2160854,1757753415.2181673,1757753415.2197132,1757753415.2202518
agv4,1757753419.2153673,1757753419.218884,1757753419.218884,1757753419.218884
agv2,1757753421.120472,1757753421.1224833,1757753421.1224833,1757753421.1229932
agv3,1757753421.421115,1757753421.4237108,1757753421.4237108,1757753421.4247239
agv4,1757753422.2882283,1757753422.2919471,1757753422.2919471,1757753422.292491
agv2,1757753423.191037,1757753423.1933315,1757753423.1933315,1757753423.193939
agv4,1757753426.4103208,1757753426.4128408,1757753426.4128408,1757753426.4128408
agv2,1757753427.203844,1757753427.2058964,1757753427.2058964,1757753427.2058964
agv4,1757753432.5120502,1757753432.513567,1757753432.513567,1757753432.513567
agv2,1757753435.505072,1757753435.508672,1757753435.508672,1757753435.509651
agv3,1757753435.5166883,1757753435.5196998,1757753435.5196998,1757753435.5206985
agv4,1757753436.5876656,1757753436.5908449,1757753436.5918534,1757753436.5918534
agv3,1757753439.5978544,1757753439.6003804,1757753439.6003804,1757753439.6013887
agv4,1757753440.6947927,1757753440.698404,1757753440.698404,1757753440.6994028
agv2,1757753443.7551384,1757753443.759175,1757753443.759175,1757753443.759175
agv4,1757753443.7657146,1757753443.7697566,1757753443.7697566,1757753443.770766
agv3,1757753448.904627,1757753448.9081495,1757753448.9081495,1757753448.9086547
agv4,1757753448.9152095,1757753448.9200046,1757753448.9200046,1757753448.9250968
agv2,1757753450.8399305,1757753450.842501,1757753450.842501,1757753450.8440082
agv2,1757753450.8589509,1757753450.861961,1757753450.863467,1757753450.863983
agv3,1757753454.0518992,1757753454.0564787,1757753454.0564787,1757753454.0574777
agv4,1757753458.0843947,1757753458.0876722,1757753458.0876722,1757753458.0886707
agv3,1757753458.1857927,1757753458.1878843,1757753458.188884,1757753458.188884
agv4,1757753459.0911677,1757753459.093175,1757753459.093175,1757753459.093175
agv2,1757753464.1764247,1757753464.1790686,1757753464.1790686,1757753464.1790686
agv2,1757753464.1912513,1757753464.1941254,1757753464.1941254,1757753464.1950989
agv4,1757753464.2513683,1757753464.2558959,1757753464.2558959,1757753464.2558959
agv2,1757753467.269328,1757753467.2750063,1757753467.2750063,1757753467.2750063
agv3,1757753467.4802582,1757753467.4832003,1757753467.4832003,1757753467.4832003
agv4,1757753469.413897,1757753469.4159162,1757753469.416928,1757753469.416928
agv4,1757753472.504846,1757753472.5088587,1757753472.5100365,1757753472.5100365
agv2,1757753474.5266893,1757753474.531968,1757753474.531968,1757753474.531968
agv4,1757753479.7569592,1757753479.7595863,1757753479.7595863,1757753479.7595863
agv2,1757753480.7377088,1757753480.7404149,1757753480.7404149,1757753480.7410047
agv3,1757753481.5904608,1757753481.5935178,1757753481.5945175,1757753481.5955162
agv2,1757753484.8501725,1757753484.8539963,1757753484.854545,1757753484.8550928
agv3,1757753485.664176,1757753485.6661875,1757753485.6676936,1757753485.6676936
agv2,1757753491.9438272,1757753491.9468791,1757753491.9468791,1757753491.9474216
agv4,1757753493.861541,1757753493.86407,1757753493.86407,1757753493.8650677
agv3,1757753494.9434996,1757753494.9465344,1757753494.9465344,1757753494.947051
agv2,1757753495.0053847,1757753495.0089715,1757753495.0089715,1757753495.0099692
agv2,1757753496.0251884,1757753496.0284667,1757753496.0290186,1757753496.030115
agv2,1757753496.0487754,1757753496.0528054,1757753496.0528054,1757753496.0538158
agv3,1757753496.0832129,1757753496.0867279,1757753496.0867279,1757753496.0867279
agv4,1757753497.9254298,1757753497.9300494,1757753497.9300494,1757753497.9315917
agv3,1757753500.1794775,1757753500.183506,1757753500.183506,1757753500.184506
agv4,1757753502.9573667,1757753502.960394,1757753502.960394,1757753502.9614275
agv2,1757753503.0566294,1757753503.0591576,1757753503.0591576,1757753503.0591576
agv3,1757753505.3678858,1757753505.372568,1757753505.372568,1757753505.3735774
agv2,1757753507.13594,1757753507.1394722,1757753507.1394722,1757753507.1415045
agv3,1757753509.4772553,1757753509.4802773,1757753509.4802773,1757753509.4818149
agv4,1757753510.1942375,1757753510.1982975,1757753510.1982975,1757753510.1998227
agv2,1757753510.21063,1757753510.2156734,1757753510.2166715,1757753510.217181
agv4,1757753513.2678936,1757753513.2777402,1757753513.278249,1757753513.279412
agv2,1757753514.3105135,1757753514.3145807,1757753514.3145807,1757753514.3145807
agv3,1757753515.562423,1757753515.5657372,1757753515.5657372,1757753515.5667598
agv4,1757753516.3391213,1757753516.344249,1757753516.344249,1757753516.3456178
agv2,1757753517.396947,1757753517.4007323,1757753517.4007323,1757753517.4007323
agv4,1757753519.4087749,1757753519.4133482,1757753519.4133482,1757753519.414359
agv3,1757753519.6269393,1757753519.6299894,1757753519.6299894,1757753519.630992
agv2,1757753521.4143918,1757753521.4174957,1757753521.4174957,1757753521.4174957
agv4,1757753523.5066807,1757753523.5117433,1757753523.5117433,1757753523.512269
agv3,1757753523.7245808,1757753523.727645,1757753523.727645,1757753523.729153
agv2,1757753529.6749008,1757753529.6810272,1757753529.6810272,1757753529.6810272
agv3,1757753529.7439096,1757753529.7469914,1757753529.7469914,1757753529.7480001
agv2,1757753533.693238,1757753533.69638,1757753533.696886,1757753533.696886
agv4,1757753536.7947783,1757753536.7969089,1757753536.79747,1757753536.8001714
agv4,1757753536.8112333,1757753536.813247,1757753536.813247,1757753536.8147542
agv3,1757753537.8279698,1757753537.8300223,1757753537.8300223,1757753537.8315327
agv3,1757753539.8466184,1757753539.8507326,1757753539.8507326,1757753539.8522427
agv3,1757753539.8691492,1757753539.872186,1757753539.872186,1757753539.872186
agv4,1757753540.8739843,1757753540.8770278,1757753540.8781803,1757753540.8781803
agv3,1757753541.928362,1757753541.9319885,1757753541.9319885,1757753541.932513
agv2,1757753543.8283818,1757753543.8304014,1757753543.8304014,1757753543.83141
agv3,1757753544.9936745,1757753544.9967608,1757753544.9967608,1757753544.9978337
agv3,1757753549.1030848,1757753549.1081073,1757753549.1086755,1757753549.1097517
agv4,1757753550.2102828,1757753550.2133598,1757753550.2133598,1757753550.2151217
agv4,1757753552.2351356,1757753552.2376628,1757753552.2376628,1757753552.2386672
agv4,1757753552.247041,1757753552.2514505,1757753552.2514505,1757753552.252458
agv2,1757753553.0167246,1757753553.0197332,1757753553.0197332,1757753553.0207343
agv4,1757753554.3174627,1757753554.322998,1757753554.3239982,1757753554.3239982
agv3,1757753556.2162695,1757753556.2193415,1757753556.220352,1757753556.2209659
agv3,1757753556.2417483,1757753556.2453,1757753556.2453,1757753556.2462928
agv4,1757753557.5030277,1757753557.5081215,1757753557.5091338,1757753557.5106437
agv4,1757753558.5245748,1757753558.528199,1757753558.528199,1757753558.5292091
agv4,1757753561.590723,1757753561.594843,1757753561.594843,1757753561.5958421
agv3,1757753563.2487352,1757753563.2526512,1757753563.2537932,1757753563.254401
agv3,1757753563.2756877,1757753563.2799678,1757753563.2805274,1757753563.281085
agv2,1757753564.5172963,1757753564.5203552,1757753564.5203552,1757753564.521869
agv4,1757753566.7300024,1757753566.7379546,1757753566.7379546,1757753566.738953
agv2,1757753567.5362105,1757753567.5387316,1757753567.5387316,1757753567.5392482
agv4,1757753569.8168006,1757753569.8225818,1757753569.8225818,1757753569.8241038
agv3,1757753570.284333,1757753570.2883961,1757753570.2883961,1757753570.2894056
agv4,1757753574.9701908,1757753574.9737835,1757753574.9737835,1757753574.9752927
agv3,1757753575.4320123,1757753575.4382284,1757753575.4382284,1757753575.4387698
agv3,1757753576.4549093,1757753576.4566019,1757753576.4566019,1757753576.45761
agv2,1757753577.7457361,1757753577.748787,1757753577.748787,1757753577.749788
agv2,1757753582.896559,1757753582.89957,1757753582.89957,1757753582.9000788
agv2,1757753585.9662144,1757753585.9809206,1757753585.9814405,1757753585.9814405
agv4,1757753589.0584474,1757753589.061602,1757753589.061602,1757753589.0621364
agv3,1757753590.5345974,1757753590.5382242,1757753590.5382242,1757753590.5392325
agv4,1757753593.1072469,1757753593.110814,1757753593.110814,1757753593.110814
agv4,1757753595.1904004,1757753595.194997,1757753595.194997,1757753595.197071
agv3,1757753595.685122,1757753595.689769,1757753595.689769,1757753595.6907794
agv2,1757753597.2020845,1757753597.2041268,1757753597.204634,1757753597.2051528
agv4,1757753597.2160637,1757753597.2185917,1757753597.2185917,1757753597.2200983
agv2,1757753597.2200983,1757753597.2236319,1757753597.2248755,1757753597.2248755
agv4,1757753598.2346208,1757753598.243118,1757753598.2441187,1757753598.2441187
agv4,1757753598.2513378,1757753598.2533486,1757753598.2533486,1757753598.2548542
agv3,1757753600.8452811,1757753600.8478954,1757753600.8478954,1757753600.8478954
agv4,1757753602.3370893,1757753602.3396235,1757753602.3396235,1757753602.3406227
agv3,1757753603.9363112,1757753603.939603,1757753603.9401765,1757753603.9407287
agv2,1757753604.2282894,1757753604.230296,1757753604.2308009,1757753604.2398746
agv4,1757753606.4744155,1757753606.4789486,1757753606.4789486,1757753606.4794548
agv4,1757753609.5659406,1757753609.5700777,1757753609.5700777,1757753609.5700777
agv4,1757753610.5814202,1757753610.58347,1757753610.5840175,1757753610.5845258
agv4,1757753610.5913498,1757753610.5935416,1757753610.5935416,1757753610.594553
agv2,1757753611.242315,1757753611.2443278,1757753611.2443278,1757753611.2453353
agv3,1757753613.500515,1757753613.5025516,1757753613.5040758,1757753613.5040758
agv3,1757753613.5129502,1757753613.5164964,1757753613.5164964,1757753613.5170083
agv2,1757753614.3278267,1757753614.3317013,1757753614.3317013,1757753614.3317013
agv4,1757753614.6799192,1757753614.6824434,1757753614.6824434,1757753614.6824434
agv4,1757753615.7482553,1757753615.7499592,1757753615.750964,1757753615.750964
agv4,1757753619.8782496,1757753619.8812559,1757753619.8812559,1757753619.882258
agv3,1757753620.5201561,1757753620.5222464,1757753620.5222464,1757753620.5222464
agv4,1757753622.9830256,1757753622.9926944,1757753622.9926944,1757753622.9932487
agv3,1757753623.61653,1757753623.619065,1757753623.619065,1757753623.6203318
agv2,1757753625.6204052,1757753625.6225317,1757753625.6225317,1757753625.6225317
agv4,1757753627.1189623,1757753627.1251473,1757753627.1251473,1757753627.1251473
agv2,1757753629.7062175,1757753629.7087471,1757753629.7087471,1757753629.7087471
agv4,1757753630.2154026,1757753630.2179258,1757753630.2179258,1757753630.2194335
agv4,1757753638.518029,1757753638.5223203,1757753638.5223203,1757753638.5233338
agv3,1757753638.7245352,1757753638.7267103,1757753638.7267103,1757753638.7267103
agv2,1757753639.0526986,1757753639.0570912,1757753639.0576599,1757753639.0582163
agv2,1757753642.1269715,1757753642.1306112,1757753642.1306112,1757753642.1316242
agv2,1757753645.2227993,1757753645.2254388,1757753645.2254388,1757753645.2259443
agv4,1757753647.7264266,1757753647.7344291,1757753647.7354355,1757753647.7364595
agv2,1757753648.326404,1757753648.329785,1757753648.329785,1757753648.3303454
agv3,1757753651.0217907,1757753651.0243087,1757753651.0243087,1757753651.0243087
agv4,1757753652.4894023,1757753652.492469,1757753652.493998,1757753652.495008
agv3,1757753655.1645615,1757753655.1704926,1757753655.174072,1757753655.1750848
agv4,1757753655.590318,1757753655.5946221,1757753655.5946221,1757753655.5946221
agv2,1757753658.4901006,1757753658.4916265,1757753658.4916265,1757753658.4926345
agv2,1757753660.5591166,1757753660.5626514,1757753660.5626514,1757753660.56365
agv4,1757753660.7230778,1757753660.731619,1757753660.731619,1757753660.7326229
agv4,1757753664.428509,1757753664.4305239,1757753664.431529,1757753664.432539
agv4,1757753666.5021477,1757753666.5107439,1757753666.5117507,1757753666.512258
agv4,1757753666.5273736,1757753666.5298808,1757753666.5303974,1757753666.5303974
agv4,1757753668.6004198,1757753668.6029363,1757753668.6029363,1757753668.603936
agv3,1757753670.5078514,1757753670.5093687,1757753670.5093687,1757753670.5093687
agv3,1757753672.5788305,1757753672.581876,1757753672.581876,1757753672.581876
agv3,1757753676.752774,1757753676.7841353,1757753676.785643,1757753676.8590548
agv4,1757753676.9154258,1757753676.9190834,1757753676.9190834,1757753676.9200943
agv2,1757753677.9129946,1757753677.9160292,1757753677.9160292,1757753677.9170375
agv4,1757753680.9830055,1757753680.9860394,1757753680.9860394,1757753680.9870453
agv3,1757753681.9870863,1757753681.9901793,1757753681.9901793,1757753681.990733
agv2,1757753684.077253,1757753684.0805738,1757753684.0805738,1757753684.082081
agv4,1757753685.0846732,1757753685.087279,1757753685.087279,1757753685.0882423
agv4,1757753688.154777,1757753688.1614442,1757753688.1614442,1757753688.1614442
agv4,1757753690.1871846,1757753690.1892025,1757753690.190211,1757753690.190211
agv4,1757753690.2020962,1757753690.2056143,1757753690.2056143,1757753690.2068188
agv4,1757753691.2095425,1757753691.212223,1757753691.212223,1757753691.2137525
agv3,1757753692.2930694,1757753692.2966297,1757753692.2966297,1757753692.2976384
agv4,1757753694.2745962,1757753694.278143,1757753694.279138,1757753694.2796495
agv2,1757753695.180065,1757753695.182102,1757753695.182102,1757753695.1836214
agv2,1757753696.1961448,1757753696.1996863,1757753696.201209,1757753696.2022724
agv2,1757753696.219585,1757753696.2241626,1757753696.2241626,1757753696.2251618
agv4,1757753697.3369224,1757753697.3409488,1757753697.3409488,1757753697.3414774
agv4,1757753698.4064174,1757753698.4089432,1757753698.4089432,1757753698.4099443
agv4,1757753702.5005336,1757753702.504867,1757753702.504867,1757753702.504867
agv2,1757753703.229441,1757753703.2339518,1757753703.2339518,1757753703.2353976
agv2,1757753706.313197,1757753706.317291,1757753706.317291,1757753706.3182886
agv3,1757753706.4149191,1757753706.4230685,1757753706.4230685,1757753706.4240804
agv2,1757753710.410496,1757753710.417019,1757753710.417019,1757753710.417769
agv3,1757753710.4878514,1757753710.4923801,1757753710.4923801,1757753710.494379
agv4,1757753711.665533,1757753711.6685688,1757753711.6695697,1757753711.6695697
agv3,1757753713.5580037,1757753713.5625844,1757753713.5625844,1757753713.5635858
agv2,1757753714.516873,1757753714.520414,1757753714.520414,1757753714.52141
agv4,1757753717.827313,1757753717.8313956,1757753717.8313956,1757753717.8334007
agv2,1757753720.679699,1757753720.6831875,1757753720.6831875,1757753720.6831875
agv3,1757753721.8528082,1757753721.8575263,1757753721.8575263,1757753721.8585289
agv4,1757753723.0155673,1757753723.0196443,1757753723.0206447,1757753723.0216603
agv4,1757753726.0914056,1757753726.096187,1757753726.096187,1757753726.0971227
agv2,1757753726.7649817,1757753726.7685475,1757753726.7685475,1757753726.7695646
agv2,1757753730.847738,1757753730.852266,1757753730.852266,1757753730.8532639
agv4,1757753731.8682387,1757753731.8749533,1757753731.876458,1757753731.8774698
agv2,1757753732.8714437,1757753732.8739913,1757753732.8753521,1757753732.8763878
agv2,1757753732.898342,1757753732.9014223,1757753732.9029524,1757753732.9049783
agv4,1757753733.8900728,1757753733.8915877,1757753733.8915877,1757753733.892596
agv4,1757753733.901319,1757753733.904592,1757753733.904592,1757753733.904592
agv4,1757753735.976862,1757753735.9793878,1757753735.9793878,1757753735.9793878
agv3,1757753737.96767,1757753737.9716687,1757753737.9716687,1757753737.972178
agv4,1757753739.0444758,1757753739.0499694,1757753739.0499694,1757753739.0499694
agv2,1757753739.9084294,1757753739.9104385,1757753739.9119298,1757753739.9129403
agv2,1757753746.926715,1757753746.928741,1757753746.9297402,1757753746.9297402
agv4,1757753747.1674864,1757753747.1690295,1757753747.1695333,1757753747.1695333
agv3,1757753748.2762887,1757753748.2814217,1757753748.2814217,1757753748.2825258
agv2,1757753750.9975789,1757753751.0017047,1757753751.0017047,1757753751.0093231
agv4,1757753751.2249758,1757753751.2293315,1757753751.230341,1757753751.2313445
agv3,1757753753.4177694,1757753753.422372,1757753753.422372,1757753753.422882
agv2,1757753756.134567,1757753756.1376154,1757753756.1376154,1757753756.138615
agv3,1757753756.484141,1757753756.4918098,1757753756.4933195,1757753756.4948425
agv4,1757753757.4121332,1757753757.4141438,1757753757.4141438,1757753757.4151397
agv3,1757753758.5176082,1757753758.5192053,1757753758.5212588,1757753758.5217805
agv3,1757753758.5471945,1757753758.551276,1757753758.559835,1757753758.5613537
agv4,1757753759.4315674,1757753759.4342868,1757753759.4348242,1757753759.4358337
agv4,1757753759.4497514,1757753759.452503,1757753759.452503,1757753759.4530804
agv2,1757753763.418972,1757753763.4220138,1757753763.4220138,1757753763.4275682
agv3,1757753765.57157,1757753765.5740976,1757753765.5740976,1757753765.574603
agv2,1757753766.504726,1757753766.5110157,1757753766.5110157,1757753766.512074
agv2,1757753767.529621,1757753767.5321436,1757753767.533326,1757753767.5343256
agv2,1757753767.550567,1757753767.5540946,1757753767.5540946,1757753767.5546005
agv3,1757753767.573761,1757753767.5759017,1757753767.5759017,1757753767.5774164
agv3,1757753769.704323,1757753769.7165143,1757753769.7165143,1757753769.7195327
agv4,1757753770.8511229,1757753770.8561974,1757753770.8561974,1757753770.8567288
agv2,1757753774.5571547,1757753774.5591803,1757753774.5591803,1757753774.559696
agv3,1757753774.8565278,1757753774.8607552,1757753774.8617537,1757753774.8622587
agv4,1757753777.016435,1757753777.0210485,1757753777.0210485,1757753777.0225575
agv2,1757753778.6191964,1757753778.6222355,1757753778.6222355,1757753778.6232445
agv3,1757753779.9869094,1757753779.9909542,1757753779.9909542,1757753779.9921448
agv3,1757753780.0073445,1757753780.0104356,1757753780.0104356,1757753780.0114353
agv2,1757753782.7223785,1757753782.7259216,1757753782.7259216,1757753782.7274308
agv2,1757753785.7966423,1757753785.8010266,1757753785.802539,1757753785.803093
agv3,1757753786.14475,1757753786.1483762,1757753786.1483762,1757753786.1498866
agv2,1757753789.9142,1757753789.917739,1757753789.917739,1757753789.9194841
agv4,1757753792.9517636,1757753792.9547927,1757753792.9547927,1757753792.9547927
agv2,1757753793.0716538,1757753793.0768688,1757753793.077868,1757753793.077868
agv4,1757753796.974627,1757753796.976641,1757753796.976641,1757753796.9781494
agv2,1757753801.3168511,1757753801.3209462,1757753801.3209462,1757753801.3214722
agv4,1757753804.1826398,1757753804.1856859,1757753804.186207,1757753804.186207
agv4,1757753804.1980786,1757753804.2006195,1757753804.2006195,1757753804.2016158
agv3,1757753808.827514,1757753808.831555,1757753808.831555,1757753808.831555
agv4,1757753811.3936303,1757753811.3986835,1757753811.3986835,1757753811.3996806
agv3,1757753812.90182,1757753812.9063628,1757753812.9063628,1757753812.9073584
agv4,1757753814.4580526,1757753814.461775,1757753814.461775,1757753814.4627626
agv4,1757753817.5264604,1757753817.529496,1757753817.529496,1757753817.531015
agv3,1757753820.1448143,1757753820.1501114,1757753820.1501114,1757753820.1511824
agv3,1757753823.2529743,1757753823.2584922,1757753823.2584922,1757753823.2595878
agv2,1757753824.6991057,1757753824.7038724,1757753824.7038724,1757753824.7054183
agv3,1757753826.331025,1757753826.3356173,1757753826.3356173,1757753826.3381574
agv3,1757753829.409031,1757753829.413315,1757753829.413315,1757753829.4143243
agv2,1757753829.7342384,1757753829.7368333,1757753829.7368333,1757753829.7373755
agv2,1757753829.747603,1757753829.7507873,1757753829.7507873,1757753829.7518022
agv3,1757753833.5122237,1757753833.5162976,1757753833.5162976,1757753833.5182958
agv2,1757753833.8222387,1757753833.8279138,1757753833.8279138,1757753833.8294947
agv4,1757753834.7189987,1757753834.7225425,1757753834.7225425,1757753834.7235408
agv3,1757753836.5443118,1757753836.5468745,1757753836.5468745,1757753836.5484061
agv3,1757753836.5671632,1757753836.570703,1757753836.570703,1757753836.5717134
agv4,1757753837.7432156,1757753837.7457805,1757753837.7457805,1757753837.7467878
agv4,1757753837.7614295,1757753837.7634676,1757753837.7634676,1757753837.7644782
agv3,1757753838.635889,1757753838.6394877,1757753838.6394877,1757753838.6394877
agv4,1757753841.7925467,1757753841.7963843,1757753841.7963843,1757753841.7974613
agv4,1757753843.8552651,1757753843.858296,1757753843.8593051,1757753843.8593051
agv4,1757753844.900347,1757753844.9182968,1757753844.9581656,1757753844.959767
agv4,1757753845.013403,1757753845.0204976,1757753845.021494,1757753845.022496
agv2,1757753847.1738656,1757753847.1782863,1757753847.1808097,1757753847.1818132
agv2,1757753847.246397,1757753847.2525492,1757753847.2536266,1757753847.2548525
agv4,1757753849.1140604,1757753849.1170933,1757753849.1181028,1757753849.1191292
agv3,1757753849.8301663,1757753849.832173,1757753849.832173,1757753849.8336833
agv3,1757753851.851735,1757753851.8540003,1757753851.8540003,1757753851.855531
agv3,1757753851.8738647,1757753851.8763905,1757753851.87739,1757753851.8778954
agv3,1757753852.8881023,1757753852.8992765,1757753852.8992765,1757753852.9002874
agv2,1757753854.2599053,1757753854.262425,1757753854.262425,1757753854.262425
agv4,1757753855.300387,1757753855.309503,1757753855.309503,1757753855.3100097
agv2,1757753857.323901,1757753857.328819,1757753857.328819,1757753857.3298504
agv2,1757753857.345657,1757753857.3502135,1757753857.3502135,1757753857.3507285
agv3,1757753857.992224,1757753857.9969695,1757753857.9969695,1757753857.9984775
agv4,1757753860.4383905,1757753860.4450004,1757753860.4450004,1757753860.445525
agv3,1757753862.4732685,1757753862.4757845,1757753862.4757845,1757753862.4762912
agv4,1757753864.5495188,1757753864.553056,1757753864.553056,1757753864.553056
agv3,1757753866.600722,1757753866.6042361,1757753866.6042361,1757753866.6042361
agv2,1757753868.548999,1757753868.5515804,1757753868.5515804,1757753868.5515804
agv2,1757753871.65412,1757753871.658191,1757753871.658191,1757753871.6591995
agv2,1757753874.7314577,1757753874.7360306,1757753874.7360306,1757753874.737045
agv2,1757753877.8029397,1757753877.8067782,1757753877.8067782,1757753877.8077888
agv3,1757753877.9380722,1757753877.9416006,1757753877.9416006,1757753877.9416006
agv4,1757753879.634364,1757753879.6368809,1757753879.6382082,1757753879.6382082
agv2,1757753881.9274254,1757753881.9321764,1757753881.9321764,1757753881.9341836
agv3,1757753883.098913,1757753883.104801,1757753883.1053126,1757753883.1070817
agv2,1757753885.074389,1757753885.078029,1757753885.078029,1757753885.0790405
agv2,1757753891.264028,1757753891.2675877,1757753891.2675877,1757753891.268112
agv4,1757753894.0449536,1757753894.0474758,1757753894.0474758,1757753894.0484896
agv4,1757753898.1299367,1757753898.1339903,1757753898.1339903,1757753898.135001
agv3,1757753900.282539,1757753900.2861521,1757753900.2861521,1757753900.2861521
agv2,1757753905.363696,1757753905.3657775,1757753905.3663013,1757753905.3663013
agv4,1757753907.4417171,1757753907.444743,1757753907.444743,1757753907.4457593
agv2,1757753909.4399276,1757753909.4424694,1757753909.4424694,1757753909.4424694
agv3,1757753909.5746002,1757753909.5781531,1757753909.5781531,1757753909.5796626
agv4,1757753911.557031,1757753911.560553,1757753911.560553,1757753911.560553
agv2,1757753913.4550812,1757753913.4570885,1757753913.4570885,1757753913.4570885
agv3,1757753914.7420452,1757753914.7451866,1757753914.7451866,1757753914.7461846
agv4,1757753916.7157881,1757753916.719343,1757753916.719343,1757753916.719343
agv3,1757753917.8298547,1757753917.8326263,1757753917.8332002,1757753917.8337438
agv3,1757753919.8487887,1757753919.8508334,1757753919.8508334,1757753919.8508334
agv3,1757753919.8583958,1757753919.860912,1757753919.860912,1757753919.8630123
agv3,1757753920.8655384,1757753920.8675478,1757753920.8675478,1757753920.8675478
agv3,1757753923.9406013,1757753923.9442666,1757753923.9447885,1757753923.9453642
agv2,1757753924.841519,1757753924.8435893,1757753924.8441253,1757753924.8446522
agv4,1757753924.9641905,1757753924.9674659,1757753924.9680326,1757753924.9685707
agv2,1757753925.86461,1757753925.8671267,1757753925.88232,1757753925.8833566
agv2,1757753925.9067426,1757753925.9112828,1757753925.9118202,1757753925.9128323
agv3,1757753927.0147889,1757753927.0198858,1757753927.0198858,1757753927.0198858
agv3,1757753928.127823,1757753928.1312926,1757753928.131821,1757753928.1331575
agv4,1757753931.1288905,1757753931.131422,1757753931.131422,1757753931.131422
agv2,1757753932.920934,1757753932.9240348,1757753932.925045,1757753932.926043
agv2,1757753932.9443424,1757753932.9471593,1757753932.9471593,1757753932.948171
agv4,1757753935.197179,1757753935.2019968,1757753935.2019968,1757753935.203007
agv3,1757753935.2146258,1757753935.2173302,1757753935.2173302,1757753935.218869
agv3,1757753936.2340474,1757753936.2365756,1757753936.2365756,1757753936.238081
agv3,1757753936.255808,1757753936.257426,1757753936.257426,1757753936.2589667
agv3,1757753937.2624362,1757753937.2660618,1757753937.2660618,1757753937.2660618
agv2,1757753939.9504478,1757753939.9535248,1757753939.9535248,1757753939.954061
agv3,1757753940.323682,1757753940.32725,1757753940.32725,1757753940.3287535
agv3,1757753941.4357767,1757753941.436784,1757753941.438294,1757753941.438294
agv4,1757753943.4768293,1757753943.4817305,1757753943.4822786,1757753943.483283
agv3,1757753944.516648,1757753944.5197577,1757753944.5207672,1757753944.5218492
agv2,1757753947.3484933,1757753947.3510523,1757753947.352057,1757753947.352057
agv3,1757753947.613014,1757753947.6155484,1757753947.6155484,1757753947.6165476
agv2,1757753948.3689477,1757753948.371011,1757753948.3720806,1757753948.3726103
agv4,1757753948.6481845,1757753948.6524787,1757753948.6524787,1757753948.653988
agv2,1757753950.386132,1757753950.3888638,1757753950.3893893,1757753950.3899164
agv4,1757753950.673292,1757753950.675345,1757753950.6763556,1757753950.677354
agv2,1757753954.40979,1757753954.416502,1757753954.4180224,1757753954.4195426
agv2,1757753954.4398875,1757753954.4439232,1757753954.4439232,1757753954.4454675
agv4,1757753954.693756,1757753954.6962857,1757753954.6962857,1757753954.697286
agv4,1757753954.7120337,1757753954.7145474,1757753954.7145474,1757753954.7145474
agv4,1757753955.7180514,1757753955.721136,1757753955.721136,1757753955.7226434
agv3,1757753956.6481123,1757753956.651668,1757753956.653734,1757753956.6542723
agv4,1757753958.8292556,1757753958.8306117,1757753958.8326476,1757753958.8326476
agv2,1757753961.4482203,1757753961.451269,1757753961.451269,1757753961.4522734
agv3,1757753963.669198,1757753963.6722674,1757753963.6722674,1757753963.6722674
agv4,1757753963.96905,1757753963.9733784,1757753963.9733784,1757753963.9738932
agv2,1757753964.5186322,1757753964.5222006,1757753964.5222006,1757753964.5232134
agv3,1757753965.7430944,1757753965.7487023,1757753965.7487023,1757753965.7497344
agv4,1757753967.0354135,1757753967.0399435,1757753967.0399435,1757753967.0404503
agv2,1757753969.6566827,1757753969.6639445,1757753969.6639445,1757753969.6649556
agv3,1757753970.8969615,1757753970.9066117,1757753970.9076293,1757753970.908886
agv4,1757753971.2252128,1757753971.2282934,1757753971.2282934,1757753971.229308
agv4,1757753973.299269,1757753973.3076348,1757753973.3091564,1757753973.313782
agv4,1757753973.3708687,1757753973.3747723,1757753973.3753467,1757753973.3758888
agv2,1757753977.137006,1757753977.1426163,1757753977.1426163,1757753977.144677
agv4,1757753979.8371644,1757753979.8408551,1757753979.8408551,1757753979.841861
agv2,1757753980.261513,1757753980.2665582,1757753980.2665582,1757753980.268076
agv2,1757753984.3851287,1757753984.389787,1757753984.389787,1757753984.3907998
agv2,1757753987.4484475,1757753987.4525204,1757753987.4525204,1757753987.4535317
agv3,1757753990.4021194,1757753990.405194,1757753990.405194,1757753990.4067082
agv4,1757753993.9140205,1757753993.9165485,1757753993.9165485,1757753993.9175491
agv2,1757753995.7139008,1757753995.7169466,1757753995.7232,1757753995.7242153
agv3,1757753996.7782385,1757753996.7809637,1757753996.7809637,1757753996.782022
agv4,1757753997.9917831,1757753997.994307,1757753997.9953184,1757753997.995826
agv2,1757753998.7425227,1757753998.7457078,1757753998.7462425,1757753998.7462425
agv3,1757753998.803521,1757753998.8060591,1757753998.8060591,1757753998.8081234
agv3,1757753998.8261266,1757753998.829212,1757753998.829212,1757753998.8313107
agv2,1757754000.7667973,1757754000.7698658,1757754000.7703786,1757754000.7708926
agv2,1757754000.7877393,1757754000.7917042,1757754000.7922165,1757754000.7929568
agv3,1757754000.8945723,1757754000.8975909,1757754000.899096,1757754000.8996515
agv3,1757754003.9595253,1757754003.961632,1757754003.961632,1757754003.9636836
agv4,1757754004.1517034,1757754004.1547444,1757754004.1547444,1757754004.1562674
agv3,1757754007.0285318,1757754007.0367079,1757754007.0367079,1757754007.0382264
agv2,1757754007.7961075,1757754007.7987435,1757754007.7987435,1757754007.7997591
agv4,1757754008.2807267,1757754008.2822456,1757754008.2822456,1757754008.2832553
agv2,1757754009.861465,1757754009.8671021,1757754009.8671021,1757754009.868611
agv4,1757754010.343367,1757754010.34644,1757754010.34644,1757754010.3479424
agv3,1757754014.2837806,1757754014.2863805,1757754014.2863805,1757754014.287384
agv2,1757754015.0172067,1757754015.0219502,1757754015.0219502,1757754015.0224922
agv4,1757754015.5028894,1757754015.5064306,1757754015.5064306,1757754015.5074236
agv3,1757754018.3826468,1757754018.3868155,1757754018.3868155,1757754018.3873208
agv3,1757754021.4583025,1757754021.462544,1757754021.462544,1757754021.4640827
agv4,1757754024.775382,1757754024.778904,1757754024.778904,1757754024.778904
agv3,1757754026.5961754,1757754026.6002293,1757754026.6002293,1757754026.6012375
agv2,1757754029.102534,1757754029.1060648,1757754029.1060648,1757754029.1060648
agv3,1757754032.6857772,1757754032.6900706,1757754032.6900706,1757754032.6910708
agv2,1757754034.2525082,1757754034.2565973,1757754034.2565973,1757754034.2575972
agv3,1757754036.7545683,1757754036.7626514,1757754036.764165,1757754036.76474
agv4,1757754038.8717778,1757754038.8743353,1757754038.8743353,1757754038.8743353
agv2,1757754039.3858683,1757754039.3910155,1757754039.3910155,1757754039.3910155
agv3,1757754041.9744437,1757754041.9759927,1757754041.9769995,1757754041.9777048
agv4,1757754042.9386172,1757754042.942187,1757754042.942187,1757754042.943648
agv3,1757754044.0428107,1757754044.0466294,1757754044.0466294,1757754044.0475996
agv3,1757754045.0650954,1757754045.0666845,1757754045.0676954,1757754045.0676954
agv3,1757754045.080085,1757754045.0821316,1757754045.0821316,1757754045.0836394
agv4,1757754047.0670943,1757754047.070139,1757754047.071154,1757754047.071154
agv2,1757754048.4273114,1757754048.4302006,1757754048.4302006,1757754048.4311974
agv3,1757754049.3285475,1757754049.3326764,1757754049.3326764,1757754049.3331842
agv2,1757754050.4933429,1757754050.5020676,1757754050.5020676,1757754050.5020676
agv3,1757754052.3904164,1757754052.3944933,1757754052.3944933,1757754052.395502
agv2,1757754053.5703487,1757754053.574951,1757754053.574951,1757754053.5764883
agv4,1757754055.4082355,1757754055.410772,1757754055.4119368,1757754055.4119368
agv3,1757754056.5059357,1757754056.5105472,1757754056.5105472,1757754056.5110526
agv3,1757754059.5707405,1757754059.573749,1757754059.573749,1757754059.573749
agv3,1757754065.7309604,1757754065.7329724,1757754065.7329724,1757754065.733972
agv2,1757754067.6605325,1757754067.6646254,1757754067.6646254,1757754067.6666634
agv3,1757754067.7616003,1757754067.7641165,1757754067.7656436,1757754067.7656436
agv3,1757754067.7785168,1757754067.7815778,1757754067.7815778,1757754067.783113
agv4,1757754068.6975334,1757754068.6990187,1757754068.6990187,1757754068.7000573
agv4,1757754070.7125618,1757754070.7151258,1757754070.7151258,1757754070.7156706
agv4,1757754070.730736,1757754070.7327719,1757754070.7327719,1757754070.7338161
agv4,1757754071.7356932,1757754071.7384162,1757754071.7390058,1757754071.7395563
agv3,1757754074.7866976,1757754074.788982,1757754074.788982,1757754074.7896218
agv4,1757754075.818562,1757754075.8211236,1757754075.8211236,1757754075.8211236
agv3,1757754076.8707871,1757754076.8733294,1757754076.8733294,1757754076.87434
agv3,1757754076.8862417,1757754076.8882506,1757754076.8882506,1757754076.8892503
agv4,1757754078.8608708,1757754078.8629227,1757754078.8629227,1757754078.8639412
agv4,1757754080.879362,1757754080.882897,1757754080.882897,1757754080.8838975
agv4,1757754080.9077733,1757754080.910845,1757754080.911856,1757754080.911856
agv4,1757754082.9805984,1757754082.9835002,1757754082.9835002,1757754082.9844615
agv2,1757754083.7914064,1757754083.7944145,1757754083.7944145,1757754083.7944145
agv3,1757754083.9953632,1757754083.99737,1757754083.99737,1757754083.99737
agv3,1757754084.0157683,1757754084.0179813,1757754084.0179813,1757754084.0189838
agv4,1757754086.056542,1757754086.0601456,1757754086.0601456,1757754086.0606797
agv4,1757754087.1776428,1757754087.1796925,1757754087.1796925,1757754087.180898
agv2,1757754087.8649247,1757754087.8697548,1757754087.8697548,1757754087.871294
agv3,1757754091.0221202,1757754091.0236459,1757754091.0236459,1757754091.0251555
agv3,1757754091.0394037,1757754091.045009,1757754091.045009,1757754091.045009
agv4,1757754091.284729,1757754091.2878015,1757754091.2878015,1757754091.2893114
agv2,1757754091.9832587,1757754091.9859169,1757754091.9859169,1757754091.9869292
agv4,1757754096.4500663,1757754096.4536815,1757754096.4536815,1757754096.4546807
agv3,1757754098.049039,1757754098.0537226,1757754098.0537226,1757754098.0552316
agv4,1757754100.6101873,1757754100.6122637,1757754100.6122637,1757754100.6132753
agv3,1757754104.320779,1757754104.3246038,1757754104.3251483,1757754104.326253
agv2,1757754104.484965,1757754104.4890752,1757754104.4890752,1757754104.4900844
agv2,1757754110.5712714,1757754110.5743477,1757754110.5743477,1757754110.575356
agv2,1757754114.6403964,1757754114.645526,1757754114.645526,1757754114.647042
agv4,1757754115.712473,1757754115.7144897,1757754115.7160048,1757754115.7160048
agv3,1757754118.4044178,1757754118.4074998,1757754118.4074998,1757754118.4074998
agv4,1757754118.77525,1757754118.7793753,1757754118.7799013,1757754118.7809868
agv4,1757754122.8956728,1757754122.8997507,1757754122.9007514,1757754122.9012587
agv2,1757754125.031212,1757754125.0358002,1757754125.0358002,1757754125.0368135
agv3,1757754125.6154602,1757754125.6190064,1757754125.6190064,1757754125.6205146
agv4,1757754127.0747023,1757754127.0797555,1757754127.080755,1757754127.081771
agv3,1757754128.6391609,1757754128.64117,1757754128.6416917,1757754128.6517255
agv4,1757754129.1012702,1757754129.1042802,1757754129.1042802,1757754129.1059291
agv4,1757754129.1220794,1757754129.1261861,1757754129.1261861,1757754129.1271946
agv2,1757754130.1769404,1757754130.1809993,1757754130.1809993,1757754130.1820085
agv3,1757754130.668327,1757754130.671371,1757754130.671371,1757754130.6729019
agv3,1757754130.6934214,1757754130.6969912,1757754130.6969912,1757754130.6975005
agv4,1757754131.2006521,1757754131.204715,1757754131.204715,1757754131.204715
agv2,1757754134.2925053,1757754134.2965426,1757754134.2965426,1757754134.297555
agv4,1757754134.3030605,1757754134.3114119,1757754134.3119497,1757754134.312483
agv4,1757754135.4187722,1757754135.4231427,1757754135.424154,1757754135.4251654
agv3,1757754137.7011492,1757754137.7046924,1757754137.7051983,1757754137.7062314
agv4,1757754138.5014844,1757754138.5061305,1757754138.5061305,1757754138.5076516
agv2,1757754141.6133268,1757754141.61739,1757754141.6199095,1757754141.6204188
agv3,1757754144.7192023,1757754144.7232783,1757754144.7237859,1757754144.7237859
agv2,1757754147.7386935,1757754147.7407885,1757754147.7417996,1757754147.7417996
agv3,1757754148.7846718,1757754148.7877727,1757754148.7877727,1757754148.7877727
agv2,1757754151.805367,1757754151.8084147,1757754151.8094144,1757754151.8094144
agv4,1757754152.0103927,1757754152.0124235,1757754152.0124235,1757754152.0139546
agv3,1757754153.9185302,1757754153.9236388,1757754153.9236388,1757754153.924638
agv3,1757754158.067776,1757754158.072354,1757754158.0738778,1757754158.0738778
agv3,1757754158.0976567,1757754158.1022315,1757754158.1032336,1757754158.1037424
agv3,1757754159.1080122,1757754159.1171703,1757754159.1171703,1757754159.11818
agv3,1757754161.186729,1757754161.190756,1757754161.190756,1757754161.1917686
agv4,1757754162.4447558,1757754162.4487963,1757754162.4487963,1757754162.4493032
agv2,1757754165.155664,1757754165.158706,1757754165.1592367,1757754165.1597652
agv2,1757754167.2268038,1757754167.2315094,1757754167.2315094,1757754167.2340562
agv4,1757754168.2584856,1757754168.261558,1757754168.261558,1757754168.2630517
agv4,1757754170.3360157,1757754170.3385623,1757754170.3395588,1757754170.3405626
agv4,1757754171.3549604,1757754171.3577971,1757754171.3577971,1757754171.359321
agv4,1757754171.375035,1757754171.3786626,1757754171.3786626,1757754171.3796709
agv2,1757754174.351153,1757754174.353457,1757754174.353457,1757754174.353963
agv4,1757754175.5257185,1757754175.529793,1757754175.5303242,1757754175.5303242
agv2,1757754178.488759,1757754178.4936833,1757754178.4936833,1757754178.4941936
agv4,1757754178.632761,1757754178.6423688,1757754178.6423688,1757754178.6423688
agv3,1757754179.4165485,1757754179.420668,1757754179.420668,1757754179.421849
agv4,1757754182.7574658,1757754182.774357,1757754182.774357,1757754182.7758677
agv2,1757754183.629553,1757754183.6339433,1757754183.634941,1757754183.635975
agv4,1757754185.8504245,1757754185.8550024,1757754185.8550024,1757754185.8560054
agv3,1757754188.5881202,1757754188.591663,1757754188.591663,1757754188.593169
agv2,1757754189.8678882,1757754189.8704033,1757754189.8704033,1757754189.8721454
agv3,1757754192.6577694,1757754192.6639738,1757754192.6639738,1757754192.6650789
agv2,1757754195.9564323,1757754195.9594703,1757754195.9594703,1757754195.960484
agv2,1757754200.0331223,1757754200.0367498,1757754200.0367498,1757754200.0377839
agv3,1757754201.9649506,1757754201.9705195,1757754201.9720676,1757754201.972597
agv3,1757754206.0828373,1757754206.086893,1757754206.086893,1757754206.0879319
agv4,1757754206.154774,1757754206.158296,1757754206.158296,1757754206.159325
agv2,1757754206.2135563,1757754206.2176235,1757754206.2181337,1757754206.2191448
agv2,1757754209.235648,1757754209.2478356,1757754209.248835,1757754209.250344
agv4,1757754210.2594428,1757754210.2628837,1757754210.2628837,1757754210.2628837
agv3,1757754210.2744458,1757754210.2773542,1757754210.2773542,1757754210.2773542
agv2,1757754211.300513,1757754211.3035653,1757754211.3040924,1757754211.304624
agv2,1757754211.3683865,1757754211.3948126,1757754211.3968446,1757754211.4014244
agv3,1757754212.3000538,1757754212.3026211,1757754212.3026211,1757754212.3026211
agv3,1757754212.3203647,1757754212.3249145,1757754212.3249145,1757754212.3249145
agv3,1757754216.4130967,1757754216.4162998,1757754216.4178197,1757754216.4178197
agv4,1757754217.5127301,1757754217.5164864,1757754217.5164864,1757754217.5175006
agv2,1757754218.4282165,1757754218.4312546,1757754218.4312546,1757754218.4326575
agv4,1757754220.5953088,1757754220.59965,1757754220.6006622,1757754220.6016803
agv2,1757754221.5244977,1757754221.5300665,1757754221.5300665,1757754221.5321481
agv4,1757754223.6879854,1757754223.692804,1757754223.692804,1757754223.6933134
agv2,1757754224.6088188,1757754224.6191576,1757754224.6191576,1757754224.6206656
agv4,1757754226.7685714,1757754226.7725232,1757754226.7725232,1757754226.7735221
agv3,1757754227.8113153,1757754227.817369,1757754227.817369,1757754227.8189363
agv2,1757754228.7971468,1757754228.8031795,1757754228.8031795,1757754228.8046904
agv4,1757754231.6946504,1757754231.7034333,1757754231.7034333,1757754231.7043638
agv2,1757754232.182017,1757754232.1855452,1757754232.1855452,1757754232.1868362
agv3,1757754233.7947338,1757754233.7988813,1757754233.7988813,1757754233.7994077
agv2,1757754235.2048404,1757754235.2069604,1757754235.2069604,1757754235.2075047
agv2,1757754240.371448,1757754240.375778,1757754240.375778,1757754240.3774095
agv3,1757754242.0473738,1757754242.053005,1757754242.053005,1757754242.0540547
agv3,1757754248.257374,1757754248.2589126,1757754248.2589126,1757754248.260492
agv4,1757754252.01612,1757754252.019729,1757754252.019729,1757754252.0202909
agv3,1757754252.3295448,1757754252.3336177,1757754252.3336177,1757754252.3351326
agv4,1757754256.0389426,1757754256.0420895,1757754256.0420895,1757754256.0430999
agv4,1757754256.0614161,1757754256.0647962,1757754256.0647962,1757754256.0658875
agv2,1757754256.5684824,1757754256.5715392,1757754256.5715392,1757754256.5725386
agv3,1757754257.469236,1757754257.4738216,1757754257.4738216,1757754257.4738216
agv4,1757754260.1332524,1757754260.1459758,1757754260.1459758,1757754260.1464887
agv2,1757754261.7189596,1757754261.7225175,1757754261.7225175,1757754261.7240288
agv3,1757754265.7552013,1757754265.7587857,1757754265.7597983,1757754265.7608469
agv2,1757754266.8764696,1757754266.88106,1757754266.88106,1757754266.8820727
agv4,1757754267.3719864,1757754267.3763556,1757754267.3763556,1757754267.377476
agv4,1757754268.4830358,1757754268.4850953,1757754268.486125,1757754268.486125
agv2,1757754269.9505208,1757754269.9540484,1757754269.9555871,1757754269.9561267
agv4,1757754271.6737373,1757754271.7004485,1757754271.717239,1757754271.71775
agv4,1757754272.8467286,1757754272.8498158,1757754272.8503222,1757754272.8513312
agv4,1757754272.868654,1757754272.8712082,1757754272.8722072,1757754272.8722072
agv3,1757754274.7994635,1757754274.8016386,1757754274.802188,1757754274.8031898
agv4,1757754276.9442766,1757754276.9564438,1757754276.9564438,1757754276.9576905
agv3,1757754277.8186464,1757754277.821173,1757754277.821173,1757754277.821173
agv4,1757754281.0600898,1757754281.0634112,1757754281.0634112,1757754281.064405
agv2,1757754281.348388,1757754281.351061,1757754281.351061,1757754281.3531017
agv3,1757754284.823561,1757754284.8254433,1757754284.8254433,1757754284.82597
agv4,1757754287.2351968,1757754287.2387178,1757754287.2387178,1757754287.2387178
agv4,1757754290.3118422,1757754290.3205721,1757754290.3205721,1757754290.3226907
agv4,1757754294.436882,1757754294.4419596,1757754294.4419596,1757754294.4434664
agv3,1757754295.0476153,1757754295.0512288,1757754295.0512288,1757754295.0512288
agv2,1757754295.439972,1757754295.4424887,1757754295.4430268,1757754295.4435487
agv3,1757754303.3124561,1757754303.3192306,1757754303.3204842,1757754303.3214934
agv3,1757754308.4528139,1757754308.4574327,1757754308.4579477,1757754308.4589577
agv4,1757754308.5979965,1757754308.6010444,1757754308.6010444,1757754308.6020553
agv4,1757754309.6054866,1757754309.608019,1757754309.608019,1757754309.6090283
agv2,1757754309.7325003,1757754309.7345386,1757754309.7360587,1757754309.7360587
agv2,1757754311.756005,1757754311.7580504,1757754311.7590613,1757754311.7600615
agv2,1757754311.7757308,1757754311.7788823,1757754311.7788823,1757754311.7798922
agv4,1757754318.7683682,1757754318.7724571,1757754318.7724571,1757754318.7724571
agv2,1757754318.7827594,1757754318.7842789,1757754318.7842789,1757754318.7863216
agv2,1757754321.8546324,1757754321.8657575,1757754321.8657575,1757754321.8672717
agv4,1757754322.842549,1757754322.8450668,1757754322.8450668,1757754322.8471692
agv3,1757754323.5820074,1757754323.583709,1757754323.583709,1757754323.5842667
agv4,1757754326.9745147,1757754326.9829614,1757754326.9829614,1757754326.9850368
agv2,1757754327.036559,1757754327.040743,1757754327.040743,1757754327.0413888
agv2,1757754330.1132047,1757754330.1162922,1757754330.1162922,1757754330.116865
agv3,1757754330.5864217,1757754330.5874438,1757754330.5874438,1757754330.588455
agv2,1757754331.1262417,1757754331.1283402,1757754331.1283402,1757754331.1283402
agv2,1757754332.1366649,1757754332.1387517,1757754332.1387517,1757754332.1387517
agv2,1757754333.1447794,1757754333.145291,1757754333.145291,1757754333.1468008
agv2,1757754334.15288,1757754334.1554382,1757754334.1564512,1757754334.1574504
agv2,1757754335.167475,1757754335.1755075,1757754335.1765194,1757754335.177521
agv3,1757754335.746347,1757754335.7498722,1757754335.7498722,1757754335.7503786
agv4,1757754339.4184334,1757754339.4214664,1757754339.4214664,1757754339.4214664
agv3,1757754340.888804,1757754340.8921404,1757754340.8921404,1757754340.892695
agv2,1757754342.267838,1757754342.270009,1757754342.270009,1757754342.270527
agv4,1757754345.5029376,1757754345.505004,1757754345.505004,1757754345.506016
agv2,1757754348.4222407,1757754348.4248414,1757754348.4248414,1757754348.426353
agv4,1757754349.924566,1757754349.9296222,1757754349.9296222,1757754349.9311574
agv3,1757754352.15945,1757754352.1625118,1757754352.1625118,1757754352.1633396
agv2,1757754353.60957,1757754353.6116457,1757754353.6116457,1757754353.6131606
agv4,1757754358.2783287,1757754358.2803154,1757754358.2803154,1757754358.281327
agv3,1757754359.385054,1757754359.3872252,1757754359.3882318,1757754359.3882318
agv4,1757754360.2979064,1757754360.2994468,1757754360.2994468,1757754360.3004897
agv4,1757754360.312496,1757754360.3135056,1757754360.3150566,1757754360.3150566
agv4,1757754362.3852184,1757754362.3878853,1757754362.3878853,1757754362.3878853
agv2,1757754364.1844323,1757754364.185476,1757754364.185476,1757754364.1870248
agv2,1757754364.2179554,1757754364.221483,1757754364.221483,1757754364.222501
agv3,1757754364.5403244,1757754364.5428877,1757754364.5428877,1757754364.5440714
agv4,1757754365.4678454,1757754365.471404,1757754365.471404,1757754365.471918
agv4,1757754366.537071,1757754366.5393224,1757754366.5393224,1757754366.540825
agv3,1757754368.6677825,1757754368.670315,1757754368.670315,1757754368.6713154
agv4,1757754370.666069,1757754370.669737,1757754370.669737,1757754370.670749
agv2,1757754371.2296522,1757754371.231764,1757754371.231764,1757754371.231764
agv4,1757754373.7531877,1757754373.755195,1757754373.755195,1757754373.756195
agv2,1757754374.3157616,1757754374.3178227,1757754374.3188322,1757754374.3188322
agv3,1757754375.778527,1757754375.7805352,1757754375.7805352,1757754375.7810702
agv4,1757754377.8697557,1757754377.872318,1757754377.872318,1757754377.8728588
agv3,1757754378.8480933,1757754378.851233,1757754378.851233,1757754378.851233
agv4,1757754381.9945724,1757754381.9966087,1757754381.9981415,1757754381.9981415
agv3,1757754382.947372,1757754382.9504628,1757754382.9504628,1757754382.9514618
agv3,1757754388.1045656,1757754388.1077006,1757754388.1077006,1757754388.108208
agv2,1757754393.5632958,1757754393.5648077,1757754393.5648077,1757754393.5658152
